{
    "0" : [
        {
            "prob" : 0,
            "id" : 1
        },

        {
            "prob" : 333,
            "id" : 2
        },

        {
            "prob" : 666,
            "id" : 3
        }
    ],

    "5" : [
        {
            "prob" : 0,
            "id" : 4
        },

        {
            "prob" : 600,
            "id" : 5
        },

        {
            "prob" : 900,
            "id" : 6
        }
    ],

    "10" : [
        {
            "prob" : 0,
            "id" : 7
        },

        {
            "prob" : 700,
            "id" : 8
        },

        {
            "prob" : 950,
            "id" : 9
        }
    ],

    "15" : [
        {
            "prob" : 0,
            "id" : 10
        },

        {
            "prob" : 700,
            "id" : 11
        },

        {
            "prob" : 950,
            "id" : 12
        }
    ],

    "20" : [
        {
            "prob" : 0,
            "id" : 13
        },

        {
            "prob" : 600,
            "id" : 14
        },

        {
            "prob" : 850,
            "id" : 15
        }
    ],

    "25" : [
        {
            "prob" : 0,
            "id" : 13
        },

        {
            "prob" : 150,
            "id" : 14
        },

        {
            "prob" : 300,
            "id" : 15
        },

        {
            "prob" : 450,
            "id" : 16
        },

        {
            "prob" : 700,
            "id" : 17
        },

        {
            "prob" : 900,
            "id" : 18
        }
    ],

    "30" : [
        {
            "prob" : 0,
            "id" : 16
        },

        {
            "prob" : 150,
            "id" : 17
        },

        {
            "prob" : 300,
            "id" : 18
        },

        {
            "prob" : 450,
            "id" : 19
        },

        {
            "prob" : 700,
            "id" : 20
        },

        {
            "prob" : 900,
            "id" : 21
        }
    ],

    "32" : [
        {
            "prob" : 0,
            "id" : 16
        }
    ],

    "35" : [
        {
            "prob" : 0,
            "id" : 19
        },

        {
            "prob" : 150,
            "id" : 20
        },

        {
            "prob" : 300,
            "id" : 21
        },

        {
            "prob" : 450,
            "id" : 22
        },

        {
            "prob" : 700,
            "id" : 23
        },

        {
            "prob" : 920,
            "id" : 24
        }
    ],

    "45" : [
        {
            "prob" : 0,
            "id" : 19
        },

        {
            "prob" : 100,
            "id" : 20
        },

        {
            "prob" : 250,
            "id" : 21
        },

        {
            "prob" : 400,
            "id" : 22
        },

        {
            "prob" : 690,
            "id" : 23
        },

        {
            "prob" : 840,
            "id" : 24
        },
        
        {
            "prob" : 990,
            "id" : 1001
        }
    ],

    "55" : [
        {
            "prob" : 0,
            "id" : 19
        },

        {
            "prob" : 100,
            "id" : 20
        },

        {
            "prob" : 250,
            "id" : 21
        },

        {
            "prob" : 400,
            "id" : 22
        },

        {
            "prob" : 690,
            "id" : 23
        },

        {
            "prob" : 840,
            "id" : 24
        },
        
        {
            "prob" : 990,
            "id" : 1001
        },
        
        {
            "prob" : 996,
            "id" : 1002
        }
    ],

    "65" : [
        {
            "prob" : 0,
            "id" : 19
        },

        {
            "prob" : 100,
            "id" : 20
        },

        {
            "prob" : 250,
            "id" : 21
        },

        {
            "prob" : 400,
            "id" : 22
        },

        {
            "prob" : 690,
            "id" : 23
        },

        {
            "prob" : 840,
            "id" : 24
        },
        
        {
            "prob" : 990,
            "id" : 1001
        },
        
        {
            "prob" : 994,
            "id" : 1002
        },
        
        {
            "prob" : 997,
            "id" : 1003
        }
    ]
}