{
    "0" : [
        {
            "prob" : 0,
            "id" : 1
        },

        {
            "prob" : 600,
            "id" : 2
        },

        {
            "prob" : 900,
            "id" : 3
        }
    ],

    "5" : [
        {
            "prob" : 0,
            "id" : 1
        },

        {
            "prob" : 350,
            "id" : 2
        },

        {
            "prob" : 650,
            "id" : 3
        },

        {
            "prob" : 800,
            "id" : 4
        },

        {
            "prob" : 900,
            "id" : 5
        },

        {
            "prob" : 970,
            "id" : 6
        }
    ],

    "10" : [
        {
            "prob" : 0,
            "id" : 4
        },

        {
            "prob" : 600,
            "id" : 5
        },

        {
            "prob" : 800,
            "id" : 6
        },

        {
            "prob" : 950,
            "id" : 7
        },

        {
            "prob" : 980,
            "id" : 8
        }
    ],

    "15" : [
        {
            "prob" : 0,
            "id" : 6
        },

        {
            "prob" : 600,
            "id" : 7
        },

        {
            "prob" : 800,
            "id" : 8
        },

        {
            "prob" : 950,
            "id" : 9
        },

        {
            "prob" : 980,
            "id" : 10
        }
    ],

    "20" : [
        {
            "prob" : 0,
            "id" : 8
        },

        {
            "prob" : 600,
            "id" : 9
        },

        {
            "prob" : 800,
            "id" : 10
        },

        {
            "prob" : 950,
            "id" : 11
        },

        {
            "prob" : 980,
            "id" : 12
        }
    ],

    "25" : [
        {
            "prob" : 0,
            "id" : 10
        },

        {
            "prob" : 600,
            "id" : 11
        },

        {
            "prob" : 800,
            "id" : 12
        },

        {
            "prob" : 950,
            "id" : 13
        },

        {
            "prob" : 980,
            "id" : 14
        }
    ],

    "30" : [
        {
            "prob" : 0,
            "id" : 12
        },

        {
            "prob" : 600,
            "id" : 13
        },

        {
            "prob" : 800,
            "id" : 14
        },

        {
            "prob" : 950,
            "id" : 15
        },

        {
            "prob" : 980,
            "id" : 16
        }
    ],

    "35" : [
        {
            "prob" : 0,
            "id" : 14
        },

        {
            "prob" : 600,
            "id" : 15
        },

        {
            "prob" : 800,
            "id" : 16
        },

        {
            "prob" : 950,
            "id" : 17
        },

        {
            "prob" : 980,
            "id" : 18
        }
    ],

    "40" : [
        {
            "prob" : 0,
            "id" : 16
        },

        {
            "prob" : 400,
            "id" : 17
        },

        {
            "prob" : 700,
            "id" : 18
        },

        {
            "prob" : 850,
            "id" : 19
        },

        {
            "prob" : 950,
            "id" : 20
        },

        {
            "prob" : 960,
            "id" : 21
        },

        {
            "prob" : 970,
            "id" : 22
        },
        
        {
            "prob" : 980,
            "id" : 23
        },

        {
            "prob" : 990,
            "id" : 24
        }
    ]
}